Threshold,Precision,Recall,F1_Score,Fraud_Predicted
0.1,0.18514090520922288,0.7868376481974353,0.29975112913632596,17565
0.2,0.33740532616662594,0.6682796999758045,0.4484130205373813,8186
0.3,0.47758825862752874,0.5826276312605855,0.5249046321525884,5042
0.4,0.608757463747512,0.5180256472296153,0.5597385620915033,3517
0.5,0.7195445920303606,0.4587466731187999,0.5602836879432624,2635
0.6,0.8031837916063675,0.402855068957174,0.5365775056397035,2073
0.7,0.876357056694813,0.35156060972659087,0.5018131583491624,1658
0.8,0.9118745332337566,0.29542705056859425,0.44627192982456143,1339
